id,source,period,cp.val,auc,prauc,acc,F1,kap,dp,mcc,Brier,mr,Se,Sp,ifd,GM,bac,PM,dpow,DLR.pos,DLR.neg,DOR,PT,ppv,npv,mkd,FM,IMN,NMI,MCEN,imcen,type
LR:1,LR 1st generation,post,0.27566182799831573,0.7027795436886346,0.4852809875030504,0.6636636636636637,0.5144508670520231,0.2742933492456773,0.4194194194194194,0.2890402352732425,0.17677519281881168,0.33633633633633636,0.652014652014652,0.6680440771349863,0.3200587291496384,0.6599807015993857,0.6600293645748192,0.6626363314719954,0.7317560267746255,1.9641603210067942,0.5209017786337373,3.770692290893209,0.41640900642705064,0.42482100238663484,0.8362068965517241,0.261027898938359,0.5262979365717079,0.07100304219733962,0.0710030421973391,0.7299734348879472,1.3699128656010648,I
LR:2,LR 1st generation,pre-post,0.25325792124801194,0.7018713609622701,0.4865351771575176,0.6426426426426426,0.5156037991858887,0.26148484528461285,0.4644644644644645,0.2846461444384189,0.17691482729026112,0.35735735735735735,0.6959706959706959,0.6225895316804407,0.3185602276511368,0.6582583608794543,0.6592801138255684,0.648391008827594,0.7325713990251832,1.844068340418705,0.48833025381697953,3.7762729751121262,0.42409454500655025,0.40948275862068967,0.8448598130841122,0.2543425717048018,0.5338426739267308,0.07008277488357163,0.0700827748835704,0.7153829121457873,1.3978527904734337,I
LR:3,LR 1st generation,pre,0.2530560497352947,0.6706450115541025,0.4306194476962821,0.5935935935935935,0.4899497487437187,0.20416524411061784,0.5235235235235235,0.2342159580582498,0.18293769108603944,0.4064064064064064,0.7142857142857143,0.5482093663911846,0.26249508067689886,0.6257620305282561,0.6312475403384494,0.6125548430644616,0.6118257347846047,1.5810104529616724,0.5211773151471644,3.033536585365854,0.4429909652241888,0.372848948374761,0.8361344537815126,0.20898340215627353,0.5160626681039266,0.04808914294247439,0.048089142942473795,0.7070972229300105,1.4142326791445783,I
LR:4,LR 2nd generation,pre,0.32688951414841716,0.720035015489561,0.4936104779477654,0.7117117117117117,0.5167785234899329,0.31341189272776726,0.3233233233233233,0.3156624572821775,0.17396310839004245,0.2882882882882883,0.5641025641025641,0.7672176308539945,0.33132019495655873,0.657867336770441,0.6656600974782794,0.7078845898151842,0.7997001558762299,2.4233045061447434,0.5681535699489021,4.265227984684999,0.3911297002005115,0.47678018575851394,0.8239644970414202,0.30074468279993405,0.5186067154402019,0.08158514531509486,0.08158514531509387,0.7236655275195685,1.3818538564737135,I
LR:5,LR 2nd generation,pre,0.2407699961206101,0.7139653276016913,0.48594489837126764,0.6266266266266266,0.517464424320828,0.2535920533144241,0.5005005005005005,0.2846549898516565,0.17508827599876173,0.3733733733733734,0.7326007326007326,0.5867768595041323,0.31937759210486494,0.6556471285271402,0.6596887960524325,0.6393659180977542,0.7489884624512353,1.772893772893773,0.4557086106381881,3.8904109589041096,0.4289083228477853,0.4,0.8537074148296593,0.2537074148296594,0.5413319619607668,0.0711713150206662,0.07117131502066543,0.6961730843883971,1.4364243927622127,I
LR:6,LR 2nd generation,pre,0.26667234873379675,0.7155849201303747,0.4879094105673754,0.6596596596596597,0.5224719101123596,0.2797618290309036,0.4394394394394394,0.29884832533048766,0.17480325979513212,0.34034034034034033,0.6813186813186813,0.6515151515151515,0.33283383283383294,0.6662502862209095,0.6664169164169165,0.66160064672595,0.7638906938353703,1.9550883898709985,0.48913876820853563,3.997001499250375,0.41697162004118127,0.42369020501138954,0.8446428571428571,0.2683330621542468,0.537278374556432,0.0766061595639729,0.07660615956396999,0.7189592230098252,1.39089946688998,I
LR:7,LR 2nd generation,pre,0.31199725726999,0.7218866991594264,0.4967354631341471,0.6986986986986987,0.5274725274725274,0.3128748980277364,0.36436436436436437,0.31985246826017183,0.17408256083419243,0.3013013013013013,0.6153846153846154,0.7300275482093664,0.34541216359398197,0.670259443779045,0.672706081796991,0.6950694112015319,0.8075678079090117,2.279434850863423,0.5268505079825834,4.3265306122449,0.39844133957466665,0.46153846153846156,0.8346456692913385,0.2961841308298001,0.532938710021193,0.0851886415955678,0.08518864159556627,0.7248386688671649,1.3796173451436842,I
LR:8,LR 2nd generation,post,0.290451879041361,0.7382793973703065,0.5341525517836729,0.7017017017017017,0.5591715976331362,0.3461208998299969,0.4034034034034034,0.36112440361497106,0.16802990962230538,0.2982982982982983,0.6923076923076923,0.7052341597796143,0.39754185208730664,0.6987410347858347,0.6987709260436533,0.701373980249034,0.9280402559544738,2.348670021567218,0.4362980769230769,5.3831775700934585,0.39486094495480595,0.46898263027295284,0.8590604026845637,0.3280430329575166,0.5698072327521472,0.11088208215126362,0.11088208215126116,0.6995025849044412,1.4295872832787455,I
LR:9,LR 2nd generation,post,0.29664788121154656,0.7352268943178034,0.5272549022546665,0.6976976976976977,0.5492537313432836,0.3333642679111207,0.3973973973973974,0.346600960420199,0.16868100427066904,0.3023023023023023,0.673992673992674,0.7066115702479339,0.3806042442406079,0.6901094273414667,0.690302122120304,0.696718874685109,0.8850389403548709,2.2972708043130576,0.4613670929460403,4.979268871656908,0.39750762203337764,0.4634760705289673,0.8521594684385382,0.3156355389675054,0.5589091841323023,0.10168406016054941,0.10168406016054876,0.7081932187902327,1.4120440205686307,I
LR:10,LR 2nd generation,post,0.2945393722556643,0.7448132675405402,0.5539499038344681,0.7177177177177178,0.5661538461538462,0.36479612543629436,0.37737737737737737,0.3752374517783347,0.16519194571265097,0.2822822822822823,0.673992673992674,0.7341597796143251,0.40815245360699914,0.7034332327947914,0.7040762268034996,0.7171409705110242,0.9604869521350445,2.535329955019075,0.4440550069067892,5.7094952552832305,0.38576199574173353,0.4880636604774536,0.8569131832797428,0.3449768437571963,0.5735427896886609,0.11835394001619097,0.11835394001619104,0.6974422616324545,1.4338104456982141,I
LR:11,LR 2nd generation,pre,0.32356795158977403,0.7404287631560359,0.49868364228989837,0.7227227227227228,0.5421487603305785,0.34599868123453464,0.33233233233233234,0.3494053000226385,0.17126556692245723,0.2772772772772773,0.6007326007326007,0.768595041322314,0.36932764205491475,0.6794998882146592,0.6846638210274574,0.7219150174621652,0.8870405185373889,2.596023024594453,0.5194769388317776,4.997378768020969,0.3829630654302818,0.4939759036144578,0.8365817091454273,0.33055761275988504,0.5447452884399733,0.10033847752019022,0.10033847752018943,0.7101534432886449,1.4081463794206313,I
LR:12,LR 2nd generation,pre,0.24710057429207521,0.7260340669431579,0.5057990907356389,0.6506506506506506,0.5277401894451962,0.27938614168346004,0.46646646646646645,0.30461898942159993,0.1724001706851913,0.34934934934934936,0.7142857142857143,0.6267217630853994,0.3410074773711136,0.6690727929036248,0.6705037386855568,0.6567758277546588,0.790864391195238,1.9135477069056404,0.4558869701726845,4.197416974169741,0.41958445417059265,0.4184549356223176,0.8536585365853658,0.27211347220768345,0.5467141690018374,0.0806044432972596,0.08060444329725791,0.7045391782794415,1.419367482787976,I
LR:13,LR 2nd generation,pre,0.3294553851417145,0.7167050121595576,0.4886484857707254,0.7067067067067067,0.515702479338843,0.3082224317751574,0.33233233233233234,0.31125711480705204,0.17483628779579208,0.2932932932932933,0.5714285714285714,0.7575757575757576,0.32900432900432897,0.657951694959769,0.6645021645021645,0.7021276595744681,0.7868104839934549,2.3571428571428568,0.5657142857142857,4.166666666666666,0.39443080316866713,0.46987951807228917,0.8245877061469266,0.2944672242192157,0.5181723475404624,0.07961630598697739,0.07961630598697644,0.7269867108646455,1.3755409625172441,I
LR:14,LR 2nd generation,pre,0.23447375075310872,0.6956351729079002,0.4758606182029672,0.6056056056056056,0.4987277353689568,0.22076117169125517,0.5135135135135135,0.25081723107414544,0.17824438863001998,0.3943943943943944,0.717948717948718,0.5633608815426997,0.28130959949141765,0.6359750173128194,0.6406547997457088,0.6218225199596218,0.6555976603533542,1.6442611016743507,0.5006582659394395,3.28419845139088,0.4381569028346428,0.3820662768031189,0.8415637860082305,0.22363006281134945,0.5237403875988935,0.05514049278276419,0.055140492782764894,0.7052998480687753,1.4178366871028842,I
LR:15,LR 2nd generation,pre,0.31945406766612516,0.7184305593396503,0.4846817894776462,0.7027027027027027,0.5170731707317073,0.30620619988635644,0.34234234234234234,0.31026310570057664,0.17508890411775013,0.2972972972972973,0.5824175824175825,0.7479338842975206,0.33035146671510307,0.6600074580644932,0.6651757333575515,0.6979376394406049,0.783068375105485,2.3105746712304085,0.5583146135632323,4.138481449525452,0.39681634932513693,0.4649122807017544,0.8264840182648402,0.2913962989665946,0.5203586134220901,0.0794263291482339,0.07942632914823411,0.7285089185866704,1.3726667916983508,I
LR:16,LR 3rd generation,post,0.3147089143383979,0.7357919857919858,0.5292051599548673,0.7207207207207207,0.5536,0.35508569286621633,0.35235235235235235,0.361158426533096,0.16888375915002019,0.27927927927927926,0.6336996336996337,0.7534435261707989,0.38714315987043246,0.6909825515509025,0.6935715799352162,0.7199037056143066,0.9180642787323674,2.5702007489716987,0.4861683106655685,5.286648044692737,0.38414487144049725,0.4914772727272727,0.8454404945904173,0.33691776731768996,0.5580761307375255,0.1082208678584215,0.10822086785841911,0.7059597547767487,1.4165113425144724,I
LR:17,LR 3rd generation,pre,0.22914051646024414,0.7453884499339045,0.5455958886385835,0.6356356356356356,0.5345268542199488,0.27750226503266406,0.5095095095095095,0.3140945157912343,0.16654444704230578,0.36436436436436437,0.7655677655677655,0.5867768595041323,0.3523446250718978,0.6702368605332366,0.6761723125359489,0.6494517065153188,0.84579809127125,1.8526739926739928,0.3995253572718362,4.6371875,0.42352608181967205,0.4106090373280943,0.8693877551020408,0.279996792430135,0.5606683897182009,0.08767439974527777,0.0876743997452758,0.6745476038354359,1.4824750607874997,I
LR:18,LR 3rd generation,pre,0.327104125651252,0.6986574032028577,0.49534227111067947,0.7087087087087087,0.49740932642487046,0.2932720708893995,0.3063063063063063,0.2942184942498937,0.1766314384230407,0.2912912912912913,0.5274725274725275,0.7768595041322314,0.30433203160475886,0.6401343969321461,0.6521660158023794,0.7027223230490018,0.7484062671138489,2.3638583638583635,0.6082534486789806,3.886304909560723,0.3940910885142062,0.47058823529411764,0.8138528138528138,0.2844410491469316,0.49821919460155756,0.07045594386743402,0.0704559438674317,0.7286166408238461,1.37246384994625,I
LR:19,LR 3rd generation,pre-post,0.2697654944115936,0.770746929837839,0.5528977214714813,0.7047047047047047,0.5705967976710334,0.359711386167654,0.4144144144144144,0.37784021283616087,0.16194078871532488,0.2952952952952953,0.717948717948718,0.699724517906336,0.4176732358550539,0.708778047450779,0.708836617927527,0.705098855359001,0.9815284188931577,2.3909668313338037,0.4030890369473047,5.93160967472894,0.39273053465490587,0.47342995169082125,0.8683760683760684,0.34180602006688954,0.5830080847252023,0.122354236670142,0.122354236670139,0.6875412805107457,1.4544581225103193,I
LR:20,LR 3rd generation,pre,0.2516670673774224,0.7427849927849928,0.4927848864081567,0.6736736736736737,0.5534246575342465,0.32115610695615204,0.4574574574574575,0.3476898277334115,0.1712451558520943,0.3263263263263263,0.73992673992674,0.6487603305785123,0.3886870705052523,0.6928456656418893,0.6943435352526262,0.6781062297992759,0.9147551829242064,2.106614953673777,0.4008772543804391,5.255012427506213,0.40792712446242607,0.4420131291028446,0.8690036900369004,0.3110168191397449,0.5718892669231388,0.10542250689836197,0.10542250689836175,0.6862583491447887,1.4571771713177617,I
LR:21,LR 3rd generation,pre,0.18316771113359695,0.7647680602226057,0.5055185426047587,0.6166166166166166,0.5561993047508691,0.29144606358924213,0.5905905905905906,0.3598174750175379,0.1669099240670766,0.3833833833833834,0.8791208791208791,0.5179063360881543,0.3970272152090333,0.6747609009746279,0.6985136076045166,0.645835649949961,1.1334149693287026,1.823547880690738,0.23339957914426002,7.812987012987013,0.4254616597334478,0.4067796610169492,0.9193154034229829,0.3260950644399321,0.5980037568458191,0.12384232372897568,0.12384232372897419,0.5746581218532705,1.740165085938407,I
LR:22,LR 3rd generation,pre,0.3260000962694608,0.7693493375311558,0.5769137051255022,0.7427427427427428,0.5793780687397709,0.39709187231854154,0.3383383383383383,0.401790590301638,0.15999772981512292,0.25725725725725723,0.6483516483516484,0.778236914600551,0.42658856295219927,0.7103317438981368,0.7132942814760996,0.7451335130903716,1.029453942970318,2.923622960890042,0.45185257220655445,6.470302795031058,0.36902268460254894,0.5236686390532544,0.8547655068078669,0.37843414586112134,0.5826846705725507,0.13331380849072147,0.13331380849071928,0.6855440933331627,1.458695377474454,I
LR:23,LR 3rd generation,pre,0.2119696369137205,0.7662615162615163,0.544720194676088,0.6446446446446447,0.5556946182728412,0.3059852643320516,0.5265265265265265,0.35206478702459837,0.16399838913736298,0.35535535535535534,0.8131868131868132,0.581267217630854,0.39445403081766717,0.6875164262148215,0.6972270154088336,0.660097311642994,0.9917466050812107,1.9420185078079815,0.3213895109629707,6.042569659442724,0.4177871646337175,0.4220532319391635,0.8921775898520085,0.314230821791172,0.5858396731835455,0.11262400295616261,0.11262400295616448,0.6393276147965938,1.564143291883546,I
LR:24,LR 3rd generation,pre,0.23985607136460788,0.7404893086711268,0.5010926720627629,0.6426426426426426,0.5357607282184657,0.28300714694973,0.4964964964964965,0.316527771787498,0.17077263469621956,0.35735735735735735,0.7545787545787546,0.6005509641873278,0.35512971876608246,0.673173824964655,0.6775648593830412,0.6538653235749324,0.8440541440003707,1.8890488821523301,0.40866014719225735,4.622542460113226,0.4211542855020752,0.4153225806451613,0.8667992047713717,0.282121785416533,0.5598156800694852,0.08850776417605889,0.08850776417605899,0.6815938057059983,1.467149483502414,I
LR:25,LR 3rd generation,pre,0.2688183341565483,0.6991518582427674,0.4944762988353924,0.6446446446446447,0.507628294036061,0.2544321600433913,0.44844844844844844,0.2735799361194751,0.17698865170714514,0.35535535535535534,0.6703296703296703,0.6349862258953168,0.3053158962249871,0.652418659656734,0.6526579481124936,0.647446674756217,0.6965184377242096,1.8364503421107194,0.5191771352291961,3.537232704402515,0.4246001535765047,0.40848214285714285,0.8366606170598911,0.24514275991703394,0.5232759311844811,0.06422827175652361,0.0642282717565229,0.727402653078367,1.374754402899139,I
LR:26,LR 3rd generation,post,0.2571059980209725,0.74823408914318,0.53278881339102,0.6676676676676677,0.5501355013550135,0.3138452372086097,0.46546546546546547,0.3419166876294403,0.1668110289930116,0.33233233233233234,0.7435897435897436,0.6391184573002755,0.3827082008900191,0.6893779295766469,0.6913541004450096,0.6732540291634689,0.9021123381793711,2.060481503229595,0.4011936339522546,5.135877862595421,0.4106038039439891,0.43655913978494626,0.8689138576779026,0.30547299746284895,0.5697551217974677,0.10225332132886161,0.10225332132885923,0.6853669365156851,1.4590724278061438,I
LR:27,LR 3rd generation,post,0.30379434119230597,0.754697322879141,0.55773233463834615,0.7197197197197197,0.5692307692307693,0.3693011174544766,0.37737737737737737,0.3798713873037263,0.1635935109719532,0.2802802802802803,0.6776556776556777,0.7355371900826446,0.4131928677383223,0.7060035077720277,0.7065964338691612,0.7192892259246169,0.973602434951839,2.562385531135531,0.43824340453553934,5.8469460227272725,0.3845051640077138,0.4907161803713528,0.8585209003215434,0.34923708069289616,0.5766598700674036,0.12134764571525343,0.12134764571525347,0.6950909759634851,1.4386605992314487,I
LR:28,LR 3rd generation,post,0.2747217430987288,0.7368918959828051,0.5015780566848786,0.6856856856856857,0.5475504322766571,0.32313568099430345,0.4214214214214214,0.34095246510453053,0.17115246211494764,0.31431431431431434,0.6959706959706959,0.6818181818181818,0.3777888777888778,0.6888580946214354,0.6888944388944389,0.6862584140535216,0.8767913076660581,2.1873364730507583,0.445909645909646,4.905335628227193,0.4033942133625222,0.4513064133016627,0.856401384083045,0.30770779738470777,0.5604427165746707,0.09945661529663626,0.09945661529663608,0.7045243149889333,1.4193974270649665,I
LR:29,LR 3rd generation,post,0.2660200872257171,0.7395357168084441,0.5221599260970652,0.6796796796796797,0.5492957746478874,0.32082398531511314,0.43743743743743746,0.3422247775426012,0.16918676600511512,0.3203203203203203,0.7142857142857143,0.6666666666666666,0.38095238095238093,0.6900655593423543,0.6904761904761905,0.6818181818181817,0.8873296265122474,2.142857142857143,0.42857142857142855,5,0.4058688457449499,0.4462242562929062,0.8612099644128114,0.30743422070571746,0.5645632042896438,0.10100051526099238,0.10100051526099063,0.6980893260515093,1.4324814356582984,I
LR:30,LR 3rd generation,post,0.2955228138598015,0.7290966609148427,0.5032802280770055,0.6876876876876877,0.5301204819277108,0.3071290430143382,0.3913913913913914,0.31825029396438465,0.17227025116965783,0.3123123123123123,0.6446886446886447,0.7038567493112947,0.34854539399993945,0.6736233767977873,0.6742726969999697,0.6852325562688033,0.8057697049793898,2.176948632762586,0.5048063482505752,4.312443059218413,0.4039671805659986,0.45012787723785164,0.8404605263157895,0.29058840355364124,0.538695026070454,0.08529447967107298,0.08529447967107051,0.7228320351667552,1.3834472620866936,I
LR:31,LR 3rd generation,post,0.22761615441805852,0.7240612922431104,0.4840575203302531,0.6326326326326326,0.5336721728081322,0.27481115337372347,0.5145145145145145,0.3125235385337943,0.17418726525906914,0.36736736736736736,0.7692307692307693,0.581267217630854,0.35049798686162337,0.6686767746428843,0.6752489934308117,0.6475205137352837,0.8446085312211543,1.8370445344129556,0.39701057236602255,4.627192982456141,0.4245606358294095,0.4085603112840467,0.8701030927835052,0.27866340406755175,0.5606042833641122,0.08698514425274251,0.08698514425274217,0.6720381712087646,1.488010715524306,I
LR:32,LR 3rd generation,post,0.30226934162402275,0.729727343363707,0.5124197976485793,0.7097097097097097,0.546875,0.34003526372620024,0.36736736736736736,0.3480931788722974,0.1709672414251068,0.2902902902902903,0.6410256410256411,0.7355371900826446,0.3765628311082856,0.6866572644128409,0.6882814155541428,0.7079335361572666,0.8836252750932131,2.4238782051282053,0.4880437914145779,4.966517857142858,0.3911015141204987,0.4768392370572207,0.8449367088607594,0.3217759459179801,0.5528708507425423,0.10116022035110032,0.1011602203511015,0.711707712746148,1.4050711859528213,I
LR:33,LR 3rd generation,pre-post,0.21887903263557598,0.7566549612004158,0.5105761550019585,0.6486486486486487,0.5573770491803278,0.3101358090999771,0.5205205205205206,0.3547413857022458,0.1671819642682529,0.35135135135135137,0.8095238095238095,0.5881542699724518,0.3976780794962613,0.6900180325294364,0.6988390397481307,0.6628000644433704,0.994189025717073,1.9655996177735309,0.32385413181666106,6.069397993311037,0.41632000443186895,0.425,0.8914405010438413,0.31644050104384136,0.5865557254410011,0.11401821682118796,0.1140182168211874,0.6422873085079019,1.5569356372977392,I
LR:34,LR 3rd generation,pre-post,0.325895388647746,0.7628760128760129,0.5194012724447762,0.7477477477477478,0.5728813559322034,0.3953133106589035,0.3173173173173173,0.39753521871745495,0.16570666824036365,0.25225225225225223,0.6190476190476191,0.7961432506887053,0.41519086973632424,0.7020331785319514,0.7075954348681621,0.7522716403634625,1.0187838010794157,3.0366795366795376,0.47849728126544727,6.346283783783787,0.3646165711022372,0.5331230283911672,0.8475073313782991,0.38063035976946624,0.5744811062036839,0.12911649617604395,0.12911649617604215,0.6850111527388467,1.4598302465613133,I
LR:35,LR 3rd generation,pre-post,0.22428698918032938,0.7372097599370326,0.49058898612474744,0.6386386386386387,0.540127388535032,0.28538648563496843,0.5125125125125125,0.3239334361465602,0.17181007540874357,0.3613613613613614,0.7765567765567766,0.5867768595041323,0.36333363606090874,0.6750300338315603,0.6816668180304544,0.6526894305633302,0.8801245129920169,1.8792673992673996,0.38079760614971875,4.935081967213117,0.42178720871378533,0.4140625,0.8747433264887063,0.28880582648870634,0.5670476525769597,0.09366699333132167,0.09366699333132045,0.6668740066761427,1.4995336300244115,I
LR:36,LR 3rd generation,pre-post,0.26131080810257346,0.7418465373010827,0.48320520225301344,0.6826826826826827,0.5541490857946554,0.3278381630976715,0.43843843843843844,0.34995507152456434,0.17186926396554153,0.3173173173173173,0.7216117216117216,0.6680440771349863,0.38965579874670775,0.6943114838556907,0.6948278993733539,0.6849220601968249,0.9106973893972456,2.173817883361452,0.41672142290698994,5.216477396811531,0.4041404527520448,0.4497716894977169,0.8645276292335116,0.3142993187312284,0.569702135497718,0.10580414264566756,0.10580414264566551,0.6936207973291508,1.441709942739015,I
LR:37,LR 3rd generation,pre-post,0.23637574009557136,0.7579718261536443,0.513748745671386,0.6626626626626627,0.5548216644649934,0.31569640167568136,0.4844844844844845,0.34938984038451976,0.1669348495704737,0.33733733733733734,0.7692307692307693,0.6225895316804407,0.39182030091121,0.6920368663370253,0.695910150455605,0.6708556643873591,0.9397549207377436,2.038180797304885,0.3706603131381892,5.498783454987835,0.411921214926902,0.43388429752066116,0.8776699029126214,0.3115542004332825,0.577717190274766,0.10806840981050779,0.10806840981050936,0.6703887264500712,1.4916718622273513,I
LR:38,LR 3rd generation,pre-post,0.2824836684745356,0.7409484454939,0.4942255176404143,0.6976976976976977,0.5545722713864307,0.33866003787878796,0.40540540540540543,0.35376205984009323,0.17089918895220327,0.3023023023023023,0.6886446886446886,0.7011019283746557,0.3897466170193442,0.6948453922807257,0.6948733085096721,0.6973315144919762,0.9076755686507686,2.303944903023244,0.4440942161963773,5.187964217945243,0.39716028369858264,0.4641975308641975,0.8569023569023569,0.3210998877665545,0.5653911602701341,0.10641824532530314,0.10641824532530297,0.7027278029876198,1.4230260931025343,I
LR:39,LR 3rd generation,pre-post,0.33016645256912547,0.7419878101696283,0.5066670101039884,0.7267267267267268,0.5442404006677796,0.3512755557141329,0.3263263263263263,0.35409503755112903,0.16976369100655436,0.2732732732732733,0.5970695970695971,0.7754820936639119,0.3725516907335089,0.6804533644553457,0.6862758453667545,0.7267267267267267,0.9002094137554395,2.659340659340659,0.5195869849511058,5.118181818181817,0.38011995493743345,0.5,0.836552748885587,0.33655274888558706,0.5463833805440997,0.10278119533456946,0.1027811953345672,0.7071797238332875,1.4140676921270763,I
SV:1,LR (soft vote),Unrestricted,0.27566182799831573,0.7027795436886346,0.4852809875030504,0.6636636636636637,0.5144508670520231,0.2742933492456773,0.4194194194194194,0.2890402352732425,0.17677519281881168,0.33633633633633636,0.652014652014652,0.6680440771349863,0.3200587291496384,0.6599807015993857,0.6600293645748192,0.6626363314719954,0.7317560267746255,1.9641603210067942,0.5209017786337373,3.770692290893209,0.41640900642705064,0.42482100238663484,0.8362068965517241,0.261027898938359,0.5262979365717079,0.07100304219733962,0.0710030421973391,0.7299734348879472,1.3699128656010648,SV
MA:1,LR (weighted average),Unrestricted,0.26457958521508435,0.7813575313575314,0.5753842387444467,0.6886886886886887,0.5674547983310153,0.34559413604625455,0.44644644644644643,0.3710525626015024,0.15981936310317515,0.3113113113113113,0.7472527472527473,0.6666666666666666,0.4139194139194138,0.7058105256855399,0.7069597069597069,0.6915254237288134,0.9798000290716916,2.2417582417582413,0.3791208791208791,5.913043478260868,0.40044044815936974,0.45739910313901344,0.8752260397830018,0.3326251429220153,0.5846304272030071,0.11993075306646,0.11993075306645995,0.6785618840332912,1.473704939122308,MA
MA:2,LR (weighted average),Unrestricted,0.24678589047609772,0.7645511054601963,0.5552202746288524,0.6676676676676677,0.5620052770448548,0.3264694414660299,0.4854854854854855,0.3616235831522924,0.1632950987273654,0.33233233233233234,0.7802197802197802,0.6253443526170799,0.4055641328368602,0.6985027081984571,0.7027820664184301,0.6755878266795985,0.9809479319030788,2.0824983839689724,0.35145471268819284,5.925367647058825,0.40931830994512397,0.43917525773195876,0.8832684824902723,0.3224437402222311,0.5853658881977957,0.11622466518187521,0.11622466518187358,0.6625501069181103,1.5093198077524388,MA
MA:3,LR (weighted average),Unrestricted,0.26156660572458595,0.777089072543618,0.555916992295632,0.6906906906906907,0.5772913816689468,0.3571629380197041,0.45845845845845845,0.38697102323437405,0.16098612481178587,0.30930930930930933,0.7728937728937729,0.6597796143250688,0.43267338721884174,0.7141005219113769,0.7163366936094209,0.6943526564136038,1.0403774785810533,2.2717444498821013,0.34421528367248616,6.59977798093248,0.3988464209351526,0.4606986899563319,0.8853974121996303,0.3460961021559621,0.5967169753304894,0.13183611506285742,0.1318361150628543,0.663225596822147,1.5077825777405327,MA
MA:4,LR (weighted average),Unrestricted,0.28468812238050545,0.7723614769069315,0.5750488891769479,0.7067067067067067,0.5646359583952453,0.3551672405474889,0.4004004004004004,0.3699098368092824,0.1610551357258548,0.2932932932932933,0.6959706959706959,0.7107438016528925,0.4067144976235886,0.7033184615046173,0.7033572488117943,0.7064065140574589,0.9522457297018597,2.4060701203558343,0.4277621603202999,5.624784853700515,0.3919798993143671,0.475,0.8614357262103506,0.33643572621035056,0.5749661560353623,0.11629170050723898,0.11629170050723803,0.6957396908556253,1.437319177191391,MA
MA:5,LR (weighted average),Unrestricted,0.26072874340335733,0.779853984399439,0.5646062078613202,0.6886886886886887,0.5722145804676754,0.3505515386014312,0.4544544544544545,0.37864066613373115,0.16053967303619635,0.3113113113113113,0.7619047619047619,0.6611570247933884,0.4230617866981503,0.7097455075989333,0.7115308933490752,0.6921701823382195,1.0098169697774453,2.248548199767712,0.36011904761904767,6.24390243902439,0.40007745683596874,0.4581497797356828,0.8807339449541285,0.3388837246898113,0.5908184990724601,0.1256671669498397,0.12566716694983915,0.6702725527628379,1.4919304033531406,MA
MA:6,LR (weighted average),Unrestricted,0.2621740854128904,0.7785825285825286,0.5667176000950063,0.6896896896896897,0.5753424657534247,0.3544735986392857,0.4574574574574575,0.38375999016504075,0.1599088301845067,0.3103103103103103,0.7692307692307693,0.6597796143250688,0.4290103835558381,0.7124063308604528,0.714505191777919,0.693343520198644,1.0289368834886627,2.2609778885082528,0.3497671430865585,6.464237516869097,0.3994160786896425,0.45951859956236324,0.8837638376383764,0.3432824372007397,0.5945383468012829,0.1294758267771205,0.12947582677711944,0.6656828552640901,1.502216847094972,MA
MA:7,LR (weighted average),Unrestricted,0.24621810690270693,0.7726894317803409,0.5669050872731881,0.6646646646646647,0.5699614890885751,0.3332636045781908,0.5065065065065065,0.37615398941107653,0.16157417069248597,0.3353353353353353,0.8131868131868132,0.6088154269972452,0.4220022401840584,0.7036196962129889,0.7110011200920292,0.6751960587170722,1.0547954921531189,2.0787803745550226,0.30684699915469144,6.774647887323945,0.4095343496782464,0.43873517786561267,0.896551724137931,0.33528690200354383,0.5973053332438002,0.12802074796741356,0.12802074796741325,0.6390535376144912,1.5648141214159894,MA
MA:8,LR (weighted average),Unrestricted,0.22238008108973256,0.7621898303716486,0.5500875543849336,0.6316316316316316,0.5533980582524272,0.2961690885072654,0.5515515515515516,0.34969567661337697,0.16454582452058708,0.3683683683683684,0.8351648351648352,0.5550964187327824,0.39026125389761757,0.6808795848397531,0.6951306269488088,0.652437654459672,1.0166324976559173,1.8771816418875242,0.2969487088593788,6.321568627450981,0.42192262979637163,0.41379310344827586,0.8995535714285714,0.3133466748768472,0.5878651622895551,0.11287133010613443,0.1128713301061337,0.6199471632076441,1.6130406901548506,MA
MA:9,LR (weighted average),Unrestricted,0.24394720986122392,0.7737439328348419,0.5446426942556297,0.6676676676676677,0.5665796344647519,0.33139000435434723,0.4934934934934935,0.36965089676774304,0.1627443162258864,0.33233233233233234,0.7948717948717948,0.6198347107438017,0.4147065056155965,0.7019181783176479,0.7073532528077983,0.6764652840396754,1.0163154846130416,2.0908584169453737,0.330940170940171,6.317934782608695,0.40883407212339723,0.44016227180527384,0.8893280632411067,0.3294903350463805,0.5915002747460941,0.12232752253418595,0.12232752253418433,0.6524186709785318,1.5327580961166354,MA
MA:10,LR (weighted average),Unrestricted,0.2381113990031418,0.769329155692792,0.5587302327077304,0.6586586586586587,0.5689001264222503,0.3285933056224022,0.5185185185185185,0.37512487512487513,0.1628196468376387,0.34134134134134136,0.8241758241758241,0.5964187327823691,0.42059455695819326,0.7011090504656246,0.7102972784790966,0.6712857371814629,1.067077510581828,2.0421557964220076,0.2947998883333757,6.927261092150167,0.41168524668404466,0.4343629343629344,0.9002079002079002,0.3345708345708345,0.5983238499508446,0.1283183361317017,0.12831833613169996,0.630524416351256,1.585981405425725,MA
MA:11,LR (weighted average),Unrestricted,0.24599848906002836,0.7883354019717657,0.5757307543578922,0.6866866866866866,0.5876152832674573,0.3655984661736509,0.4864864864864865,0.40531578697066506,0.1584314753285012,0.3133133133133133,0.8168498168498168,0.6377410468319559,0.4545908636817728,0.721760803384538,0.7272954318408864,0.6927688417052851,1.1361354671168242,2.254878201646262,0.2871858163434838,7.851634980988591,0.39974013904028843,0.4588477366255144,0.9025341130604289,0.36138184968594333,0.6122170282052799,0.1481250551351427,0.14812505513514262,0.6342003799834632,1.5767887115206,MA
MA:12,LR (weighted average),Unrestricted,0.2729007083650999,0.7771647544374817,0.5598961348595798,0.7057057057057057,0.5775862068965518,0.3674845912315385,0.42342342342342343,0.38825744075157914,0.16105491758816237,0.29429429429429427,0.7362637362637363,0.6942148760330579,0.43047861229679407,0.7149302332381571,0.715239306148397,0.7065539480564754,1.0180495768459563,2.407781407781408,0.379905808477237,6.3378378378378395,0.3918951774822601,0.475177304964539,0.875,0.3501773049645389,0.591486109677078,0.13005873860796568,0.13005873860796402,0.6786507885642785,1.4735118810007612,MA
MA:13,LR (weighted average),Unrestricted,0.23127762403242505,0.751231092140183,0.5393385937643059,0.6386386386386387,0.544766708701135,0.290481558646985,0.5205205205205206,0.3322603440551465,0.16671343008138642,0.3613613613613614,0.7912087912087912,0.581267217630854,0.37247600883964527,0.6781620253530901,0.6862380044198226,0.6539231385108087,0.91531885235848,1.8895315211104684,0.3592000416644967,5.260387811634348,0.4211231473108394,0.4153846153846154,0.8810020876826722,0.29638670306728754,0.5732852339151866,0.09924556461209552,0.09924556461209533,0.6562254129568821,1.5238666169511876,MA
MA:14,LR (weighted average),Unrestricted,0.28861975873891527,0.7579617352344625,0.5510723297979205,0.6986986986986987,0.5514157973174367,0.33623606852662463,0.3983983983983984,0.3497874567865999,0.16454564786540465,0.3013013013013013,0.6776556776556777,0.7066115702479339,0.38426724790361155,0.6919821836403782,0.6921336239518058,0.6978629214534005,0.8942569514827616,2.3097559717278027,0.45618319302529825,5.063220230473752,0.39685876228029515,0.4648241206030151,0.8535773710482529,0.3184014916512681,0.5612403268101293,0.10364494250717789,0.10364494250717582,0.7064018682553721,1.4156247950897107,MA
MA:15,LR (weighted average),Unrestricted,0.2556665548070153,0.7632695587241042,0.5423490127663317,0.6726726726726727,0.5634178905206942,0.3310747304727096,0.47647647647647645,0.3639382667394567,0.16425015591808048,0.32732732732732733,0.7728937728937729,0.6349862258953168,0.40787999878908976,0.7005547086900559,0.7039399993945449,0.6792236987376459,0.9804788779337977,2.1174372797014307,0.35765535982455715,5.92032866707243,0.4073084711277174,0.4432773109243697,0.8814531548757171,0.3247304658000867,0.585325783883251,0.11717033873783346,0.11717033873783289,0.6666901707710475,1.4999471176295722,MA
MA:16,LR (weighted average),Unrestricted,0.2525855730506364,0.7856663538481721,0.5769663617113374,0.6846846846846847,0.5783132530120481,0.35442477059138494,0.4744744744744745,0.3889598720401571,0.15899141968004774,0.3153153153153153,0.7912087912087912,0.6446280991735537,0.43583689038234485,0.7141676407723387,0.7179184451911724,0.6900594059405941,1.0628164773117172,2.2264247380526445,0.3238940546632855,6.873929008567928,0.40126464397029954,0.45569620253164556,0.8914285714285715,0.347124773960217,0.6004588591764632,0.13460526626661318,0.13460526626661207,0.6526991468821293,1.5320994439427231,MA
MA:17,LR (weighted average),Unrestricted,0.24184244488343828,0.7685067457794731,0.5500913367862055,0.6546546546546547,0.5548387096774193,0.31087330770015176,0.5025025025025025,0.34959021071980195,0.16288369012647388,0.34534534534534533,0.7875457875457875,0.6046831955922864,0.39222898313807386,0.690083838014216,0.6961144915690369,0.6657965117023047,0.9566726337614504,1.9921889956733159,0.35134796866004164,5.670130962393365,0.4146883864464068,0.42828685258964144,0.8832997987927566,0.31158665138239794,0.5807714753827152,0.10932551471570287,0.10932551471570151,0.6585847790060546,1.5184073970084975,MA
MA:18,LR (weighted average),Unrestricted,0.2888206116035063,0.7702222020403838,0.5604864983802493,0.7067067067067067,0.5684830633284241,0.35900535426863306,0.4064064064064064,0.3752404425610287,0.16206439561939084,0.2932932932932933,0.706959706959707,0.7066115702479339,0.413571277207641,0.7067856171688964,0.7067856386038205,0.7067136739850807,0.9701443656836146,2.4096373110457616,0.414711993659362,5.8103873239436625,0.3918033714462336,0.4753694581280788,0.8650927487352446,0.3404622068633234,0.579712905510841,0.1201215549502383,0.12012155495023691,0.6913578276699113,1.4464289836282145,MA
MA:19,LR (weighted average),Unrestricted,0.23043289804936798,0.7601161464797829,0.5513267723430915,0.6356356356356356,0.5483870967741935,0.2927791262135922,0.5335335335335335,0.33924676836912165,0.16472567079462755,0.36436436436436437,0.8095238095238095,0.5702479338842975,0.37977174340810693,0.6794330576378352,0.6898858717040535,0.6532232454747539,0.9536786719971464,1.8836996336996337,0.33402346445824704,5.6394230769230775,0.42149997623015195,0.4146341463414634,0.8884120171673819,0.3030461635088453,0.5793584501023474,0.10452727626710535,0.10452727626710356,0.6419386246864716,1.5577813229238369,MA
MA:20,LR (weighted average),Unrestricted,0.2363444227248645,0.7739255693801148,0.5675173472875027,0.6536536536536537,0.5642317380352645,0.3205684632621772,0.5215215215215215,0.3670322630137595,0.16171723030313778,0.34634634634634637,0.8205128205128205,0.5909090909090909,0.41142191142191153,0.6963106238227914,0.7057109557109558,0.6672985781990523,1.0406611508912127,2.005698005698006,0.30374753451676534,6.603174603174603,0.41386845397448024,0.42994241842610365,0.897489539748954,0.32743195817505755,0.5939471915927421,0.12270433994358361,0.12270433994358454,0.633530426747829,1.5784561526640628,MA
MA:1,LR (weighted average),Unrestricted,0.2870097701241268,0.7939257711984985,0.5948338896256261,0.7227227227227228,0.5920471281296025,0.39400847485464646,0.4064064064064064,0.4118264887119851,0.15610135487384463,0.2772772772772773,0.7362637362637363,0.7176308539944903,0.45389459025822676,0.7268875936622659,0.7269472951291134,0.7227959641588779,1.080262177997413,2.607451085499866,0.36750964965936167,7.0949186991869935,0.38244422225765184,0.49507389162561577,0.8785834738617201,0.37365736548733586,0.6037424559983371,0.14549954487000155,0.14549954486999894,0.6712473501156575,1.4897637954588538,MA
MA:2,LR (weighted average),Unrestricted,0.2563888443670337,0.7784765739311194,0.5681768725528673,0.6826826826826827,0.5756358768406962,0.35032588024593353,0.4744744744744745,0.38446158637684624,0.1608722393253502,0.3173173173173173,0.7875457875457875,0.6432506887052342,0.4307964762510217,0.7117509186686968,0.7153982381255108,0.6882366168864669,1.0473574150538147,2.2075607789893503,0.3302821375626515,6.683863666622287,0.40228720399032886,0.45358649789029537,0.8895238095238095,0.34311030741410486,0.5976789570506463,0.13133902838857195,0.1313390283885716,0.6554949089812703,1.5255648614481816,MA
MA:3,LR (weighted average),Unrestricted,0.2721624190667062,0.7808025308025308,0.5680416919515131,0.6956956956956957,0.5742296918767507,0.35725714285714294,0.44144144144144143,0.382178903235056,0.16052114348147906,0.30430430430430433,0.7509157509157509,0.6749311294765841,0.425846880392335,0.7119103987913964,0.7129234401961675,0.6978870663703121,1.0111790180363784,2.31002048798659,0.36905135680645884,6.259346959122633,0.39684505712875146,0.46485260770975056,0.8781362007168458,0.3429888084265964,0.5908173533195452,0.12716542607728065,0.12716542607728043,0.6745535991697276,1.48246188476475,MA
MA:4,LR (weighted average),Unrestricted,0.27745961708082895,0.7631484676939222,0.5468577939570993,0.6976976976976977,0.5635838150289018,0.3477279508101028,0.4194194194194194,0.3664229154284483,0.1637873966552958,0.3023023023023023,0.7142857142857143,0.6914600550964187,0.40574576938213314,0.7027802212317765,0.7028728846910666,0.6983455175067332,0.9500746519659272,2.315051020408163,0.41320432555492315,5.602678571428571,0.3965847435808772,0.46539379474940334,0.8655172413793103,0.33091103612871375,0.5765623462442867,0.11517455276737248,0.11517455276737276,0.6919943474165082,1.445098509450836,MA
MA:5,LR (weighted average),Unrestricted,0.27699822017315134,0.7733503869867506,0.5587150993557505,0.6966966966966966,0.5640287769784174,0.3474853037230568,0.42242242242242245,0.3668854588065546,0.16132455745068106,0.3033033033033033,0.717948717948718,0.6887052341597796,0.40665395210849753,0.7031749710488744,0.7033269760542488,0.697549927939057,0.9529071244638232,2.3063308373042886,0.4095384615384616,5.631536604987931,0.3970363823137424,0.46445497630331756,0.8665511265164645,0.33100610281978193,0.5774555002611621,0.11565459441311172,0.11565459441311265,0.690712783712883,1.447779777036358,MA
MA:6,LR (weighted average),Unrestricted,0.2852501304821025,0.7693997921270649,0.5581714218376005,0.7027027027027027,0.5664233576642335,0.3540990458526264,0.4124124124124124,0.37147832598170183,0.1626681756019725,0.2972972972972973,0.7106227106227107,0.699724517906336,0.4103472285290466,0.7051525605170629,0.7051736142645233,0.7029616985595782,0.9617363010391063,2.3665692106059075,0.41355888206281904,5.722448031587504,0.3939542582388334,0.470873786407767,0.8654173764906303,0.33629116289839733,0.578457955653016,0.11803205042800766,0.11803205042800691,0.691575142573364,1.44597446964184,MA
MA:7,LR (weighted average),Unrestricted,0.2424229282178481,0.7751314342223433,0.5518066686878927,0.6616616616616616,0.5621761658031088,0.3230160353186011,0.4994994994994995,0.3622538287913119,0.1618013185587758,0.3383383383383383,0.7948717948717948,0.6115702479338843,0.4064420428056792,0.6972230207511763,0.7032210214028396,0.6717406876790831,0.9970579932709098,2.046372067648663,0.3354123354123355,6.101063829787231,0.4114355014632439,0.4348697394789579,0.888,0.3228697394789579,0.5879334063948647,0.11764402584548783,0.11764402584548594,0.6529055030673332,1.5316152112396446,MA
MA:8,LR (weighted average),Unrestricted,0.2614613886740627,0.7654996518632883,0.5570376400431722,0.6756756756756757,0.5597826086956522,0.3291216375868973,0.46346346346346345,0.35798978030492107,0.1628342293220986,0.32432432432432434,0.7545787545787546,0.6460055096418733,0.4005842642206279,0.6981848128658904,0.7002921321103139,0.6806755963352858,0.9508825876548058,2.131611579082396,0.37990580847723704,5.610894941634242,0.40650340977139937,0.4449244060475162,0.875,0.31992440604751615,0.5794225610010598,0.11237313967546173,0.11237313967546114,0.6774497598693627,1.4761242223967086,MA
MA:9,LR (weighted average),Unrestricted,0.26940710161546,0.7579516443152807,0.5387035220677994,0.6816816816816816,0.5571030640668524,0.3302256742397408,0.44544544544544545,0.3542912532069077,0.16543861055835363,0.3183183183183183,0.7326007326007326,0.662534435261708,0.39513516786244063,0.6966873133952849,0.6975675839312203,0.68463116203409,0.9275926644020043,2.17089033415564,0.40360055744671136,5.378809057869722,0.4043027263689093,0.449438202247191,0.868231046931408,0.31766924917859907,0.5738107320580963,0.10891952990531058,0.1089195299053084,0.6882959264722044,1.452863458200901,MA
MA:10,LR (weighted average),Unrestricted,0.2399575460353745,0.7563270063270063,0.5434144720061685,0.6456456456456456,0.5473145780051151,0.2973511039053931,0.5095095095095095,0.3365606799287206,0.1654016829035159,0.35435435435435436,0.7838827838827839,0.59366391184573,0.37754669572851385,0.6821751387351891,0.6887733478642569,0.6586038940393982,0.9193802455565997,1.9291488172844102,0.36403967262435943,5.299281815570237,0.41859604248827803,0.4204322200392927,0.8795918367346939,0.30002405677398647,0.5740815090894498,0.10133133947512624,0.10133133947512418,0.6615457571296282,1.5116112365966736,MA
MA:11,LR (weighted average),Unrestricted,0.2861577487964522,0.7739608875972512,0.5619403719345631,0.7067067067067067,0.5697503671071953,0.3602745923405258,0.4084084084084084,0.3770246042667147,0.1618246652509416,0.2932932932932933,0.7106227106227107,0.7052341597796143,0.4158568704023251,0.7079233081671484,0.7079284352011626,0.7068140074071844,0.9762705575550655,2.4108041491219065,0.41032795329670324,5.8753105406364625,0.3917456915342739,0.47549019607843135,0.8663282571912013,0.34181845326963267,0.5812866177814341,0.12142424842606073,0.12142424842606114,0.6898342198103546,1.4496236505560922,MA
MA:12,LR (weighted average),Unrestricted,0.28658735842062616,0.7829922602649876,0.5858190709207891,0.7187187187187187,0.5812220566318926,0.3803399842391412,0.3983983983983984,0.3956689012699724,0.1588284994559168,0.28128128128128127,0.7142857142857143,0.7203856749311295,0.4346713892168439,0.7173292105995532,0.717335694608422,0.7186695703821024,1.0269417079014715,2.554539057002111,0.39661294728216334,6.440886699507389,0.38486813281027804,0.4899497487437186,0.870216306156406,0.36016605490012465,0.5915776417728389,0.13336313253537752,0.13336313253537646,0.6825748555162408,1.4650407818548872,MA
MA:13,LR (weighted average),Unrestricted,0.30327807974795945,0.7657216520852884,0.555605625440885,0.7247247247247247,0.5709828393135725,0.374816524095933,0.3683683683683684,0.38387621292251417,0.16323050969090208,0.2752752752752753,0.6703296703296703,0.7451790633608816,0.41550873369055186,0.7067642010453502,0.7077543668452759,0.7245627525727656,0.9828760398931892,2.630591030591031,0.44240417623042394,5.946126126126127,0.3814013904506758,0.49728260869565216,0.8573692551505546,0.35465186384620684,0.5773588893813232,0.12340121802201483,0.12340121802201698,0.6941034920772884,1.4407073461152535,MA
MA:14,LR (weighted average),Unrestricted,0.27756422398737207,0.7796975751521206,0.5637645434413475,0.7117117117117117,0.5838150289017342,0.37796572792486605,0.4194194194194194,0.39828637196294475,0.16037679031400304,0.2882882882882883,0.73992673992674,0.7011019283746557,0.44102866830139575,0.7202527780013137,0.7205143341506979,0.7122728796025121,1.0464985933939517,2.4755152681419967,0.3709492864699151,6.6734601155319035,0.3885944382129735,0.4821002386634845,0.8775862068965518,0.35968644556003637,0.5972594561094662,0.13679925739470558,0.13679925739470533,0.674486419367688,1.4826095400667545,MA
MA:15,LR (weighted average),Unrestricted,0.2657849750762714,0.7777803005075732,0.559338086585983,0.6966966966966966,0.5785813630041724,0.36242772740197776,0.44644644644644643,0.38912621188787705,0.1610091656866435,0.3033033033033033,0.7619047619047619,0.6721763085399449,0.4340810704447069,0.7156356128059507,0.7170405352223534,0.6991693752257133,1.037157460236287,2.324129651860744,0.35421545667447313,6.561344537815125,0.3961165300908788,0.4663677130044843,0.8824593128390597,0.34882702584354397,0.5960937689128699,0.13241678817316554,0.13241678817316516,0.6681497446612576,1.4966704814157876,MA
MA:16,LR (weighted average),Unrestricted,0.25375315734012804,0.7861910816456271,0.5948678981844979,0.6896896896896897,0.581081081081081,0.3605119373582942,0.4674674674674675,0.39338745288824345,0.15754025976358976,0.3103103103103103,0.7875457875457875,0.6528925619834711,0.44043834952925875,0.717065399325654,0.7202191747646294,0.6940850030682213,1.0706659678342063,2.268881911739055,0.32540455325265455,6.972495894909688,0.3989975870291648,0.4603854389721627,0.8909774436090225,0.3513628825811852,0.6021416885666903,0.13724519414257727,0.13724519414257685,0.654187477888442,1.528613790083168,MA
MA:17,LR (weighted average),Unrestricted,0.270838693477002,0.7652271970453789,0.5508742266459806,0.6876876876876877,0.5605633802816902,0.3378033856822354,0.43743743743743746,0.3603368008931553,0.1635938894928974,0.3123123123123123,0.7289377289377289,0.6721763085399449,0.4011140374776738,0.6999819081896714,0.7005570187388369,0.6897845766013522,0.9412752575436076,2.2235663496167697,0.4032606737524771,5.513967749261866,0.40141897579598546,0.45537757437070936,0.8683274021352313,0.32370497650594077,0.5761439879673801,0.11232083970072966,0.11232083970072815,0.6884682839616714,1.4524997349851374,MA
MA:18,LR (weighted average),Unrestricted,0.23813626877103977,0.7714583396401579,0.5540444113184629,0.6546546546546547,0.5660377358490565,0.3231348427806353,0.5225225225225225,0.3703327699124382,0.16247354676118592,0.34534534534534533,0.8241758241758241,0.5909090909090909,0.4150849150849152,0.6978631577988531,0.7075424575424576,0.6682867557715675,1.0544849717870268,2.0146520146520146,0.297548605240913,6.770833333333332,0.4133282866424232,0.43103448275862066,0.89937106918239,0.3304055519410105,0.5960270128742373,0.12516923395632656,0.12516923395632562,0.6305420440861229,1.5859370669712463,MA
MA:19,LR (weighted average),Unrestricted,0.2359999064283578,0.7817208044480771,0.5664009074125204,0.6726726726726727,0.5747724317295189,0.3432586472060554,0.4964964964964965,0.3839157276343377,0.15988480499581886,0.32732732732732733,0.8095238095238095,0.6212121212121212,0.43073593073593086,0.7091445571151223,0.7153679653679654,0.6812386156648452,1.0704685772079199,2.137142857142857,0.30662020905923343,6.97,0.4061908347202041,0.44556451612903225,0.8966202783300199,0.34218479445905214,0.6005789577444477,0.1328293717451134,0.132829371745112,0.6412685202318236,1.559409153030765,MA
MA:20,LR (weighted average),Unrestricted,0.26479069893127355,0.7805351214442123,0.5871567251108862,0.7007007007007007,0.5841446453407511,0.37084452307983945,0.44644644644644643,0.3981630365310644,0.1595765338188952,0.2992992992992993,0.7692307692307693,0.6749311294765841,0.44416189870735323,0.7205399308192882,0.7220809493536766,0.7029434546862898,1.0665713245642028,2.3663624511082144,0.34191522762951326,6.920903954802263,0.39396468833829734,0.47085201793721976,0.8860759493670886,0.3569279673043084,0.6018254397678015,0.13892912711073976,0.13892912711074001,0.6627796164022324,1.5087971555738264,MA
SL:1,LR stacked (lasso),Unrestricted,0.2334855140508112,0.8326698553971281,0.6367589330857784,0.7447447447447447,0.6255506607929516,0.44324239265131093,0.4084084084084084,0.4638497724692154,0.14353373719992613,0.2552552552552553,0.7802197802197802,0.731404958677686,0.5116247388974662,0.755418173008276,0.7558123694487331,0.7439061349958871,1.2508054148113352,2.9048182586644127,0.3004904699819954,9.666923076923077,0.36977424786654234,0.5220588235294118,0.8984771573604061,0.4205359808898179,0.6382167504507499,0.18672114921675512,0.18672114921675276,0.6389579414110349,1.5650482374343173,ST
SR:1,LR stacked (ridge),Unrestricted,0.2925255810837104,0.8140319276682914,0.6156313642492781,0.7677677677677678,0.6233766233766235,0.4586200613866659,0.3433433433433433,0.4648638272821975,0.14902962627074223,0.23223223223223224,0.7032967032967034,0.7920110192837465,0.49530772258044986,0.746336880260463,0.7476538612902249,0.7717631425961298,1.2129987829534066,3.3814132886980564,0.37462016244624935,9.026244787834191,0.35225383126502074,0.5597667638483965,0.8765243902439024,0.4362911540922989,0.6274409291954435,0.17989289917323187,0.17989289917322926,0.6516656438498758,1.5345292627247509,ST
SEN:1,LR stacked (elasticnet),Unrestricted,0.2819231634665309,0.8324781279326734,0.6358723041862914,0.7757757757757757,0.641025641025641,0.48167604752970594,0.35135135135135137,0.4897185870039666,0.14341518751650773,0.22422422422422422,0.7326007326007326,0.7920110192837465,0.5246117518844791,0.761726888691167,0.7623058759422395,0.7788738514024556,1.2928376619936148,3.522305509060475,0.33762064022933597,10.432731561280953,0.3476107951374309,0.5698005698005698,0.8873456790123457,0.45714624881291543,0.6460931162550893,0.2012675113811214,0.20126751138111998,0.6365483664485359,1.5709725336022031,ST
